{
	"welcomeFile": "/TankDip/webapp/index.html",
	"logout": {
		"logoutEndpoint": "/do/logout"
	},
	"routes": [{
			"source": "^/TankDip/webapp/(.*)$",
			"target": "$1",
			"localDir": "webapp"
		}, {
			"source": "^/IOTAS-ADVANCEDLIST-THING-ODATA/(.*)$",
			"destination": "IOTAS-ADVANCEDLIST-THING-ODATA",
			"target": "$1",
			"csrfProtection": false
		}, {
			"source": "^/IOTAS-DETAILS-THING-ODATA/(.*)$",
			"destination": "IOTAS-DETAILS-THING-ODATA",
			"target": "$1",
			"csrfProtection": false
		}, {
			"source": "^/IOTAS-COMPOSITE-EVENTS-ODATA/(.*)$",
			"destination": "IOTAS-COMPOSITE-EVENTS-ODATA",
			"target": "$1",
			"csrfProtection": false
		}, {
			"source": "^/resources/sap/ui/iot/(.*)$",
			"destination": "IOTAS_CONTROLS",
			"target": "/sap/ui/iot/$1",
			"csrfProtection": false
		}, {
			"source": "^/backend/(.*)$",
			"destination": "IOTAS",
			"target": "$1",
			"csrfProtection": false
		}, {
			"source": "^/backend-image/(.*)$",
			"destination": "IOTAS-FILEIMAGE",
			"target": "$1",
			"csrfProtection": false
		}, {
			"source": "^/resources/(.*)$",
			"destination": "sapui52",
			"target": "$1",
			"csrfProtection": false
		}, {
			"source": "^/resources/sap/smartbusiness/ui/(.*)$",
			"destination": "ssbruntime_cf",
			"target": "/sap/smartbusiness/ui/$1",
			"authenticationType": "xsuaa"
		}, {
			"source": "^.*/destinations/ssbservice/(.*)$",
			"target": "$1",
			"destination": "ssbservice",
			"csrfProtection": false,
			"authenticationType": "xsuaa"
		}, {
			"source": "^.*/destinations/BusinessSystem01/(.*)$",
			"target": "$1",
			"destination": "BusinessSystem01",
			"csrfProtection": false,
			"authenticationType": "xsuaa"
		}, {
			"source": "^.*/destinations/ssbruntime/(.*)$",
			"target": "$1",
			"destination": "ssbruntime",
			"authenticationType": "xsuaa"
		}

	]
}