<?xml version="1.0" ?>
<edmx:Edmx Version="1.0" xmlns:edmx="http://schemas.microsoft.com/ado/2007/06/edmx">
	<edmx:DataServices m:DataServiceVersion="1.0" xmlns:m="http://schemas.microsoft.com/ado/2007/08/dataservices/metadata"
		xmlns:sap="http://www.sap.com/Protocols/SAPData">
		<Schema Namespace="com.sap.appiot" xmlns="http://schemas.microsoft.com/ado/2008/09/edm">
			<EntityType Name="DYN_ENT_dapt_ox181026100231_adi_tanks_rest__Tank_8Pumpcli" sap:semantics="timeseries">
				<Key>
					<PropertyRef Name="ThingId"></PropertyRef>
				</Key>
				<Property Name="ThingId" Type="Edm.String" Nullable="false"></Property>
				<Property Name="Tank_8Pumpcli.BusinessPartnerID" Type="Edm.String"></Property>
				<Property Name="Tank_8Pumpcli.BusinessPartnerID.Timestamp" Type="Edm.DateTimeOffset"></Property>
				<Property Name="Tank_8Pumpcli.Fuel_Adjustments" Type="Edm.Int32"></Property>
				<Property Name="Tank_8Pumpcli.Fuel_Adjustments.Timestamp" Type="Edm.DateTimeOffset"></Property>
				<Property Name="Tank_8Pumpcli.Fuel_Daily_sales" Type="Edm.Int32"></Property>
				<Property Name="Tank_8Pumpcli.Fuel_Daily_sales.Timestamp" Type="Edm.DateTimeOffset"></Property>
				<Property Name="Tank_8Pumpcli.Fuel_Del_Actual" Type="Edm.Int32"></Property>
				<Property Name="Tank_8Pumpcli.Fuel_Del_Actual.Timestamp" Type="Edm.DateTimeOffset"></Property>
				<Property Name="Tank_8Pumpcli.Fuel_Del_Planned" Type="Edm.Int32"></Property>
				<Property Name="Tank_8Pumpcli.Fuel_Del_Planned.Timestamp" Type="Edm.DateTimeOffset"></Property>
				<Property Name="Tank_8Pumpcli.Fuel_Dip_Actual" Type="Edm.Int32" AttributeType="com.sap.iot.core.LowLowerThreshold"></Property>
				<Property Name="Tank_8Pumpcli.Fuel_Dip_Actual.LowLowerThreshold80887" Type="Edm.Int32" AttributeType="com.sap.iot.core.LowLowerThreshold"></Property>
				<Property Name="Tank_8Pumpcli.Fuel_Dip_Actual.LowerThreshold20666" Type="Edm.Int32" AttributeType="com.sap.iot.core.LowerThreshold"></Property>
				<Property Name="Tank_8Pumpcli.Fuel_Dip_Actual.Timestamp" Type="Edm.DateTimeOffset"></Property>
				<Property Name="Tank_8Pumpcli.Fuel_Dip_Actual.LowLowerThreshold80887.Timestamp" Type="Edm.DateTimeOffset"></Property>
				<Property Name="Tank_8Pumpcli.Fuel_Dip_Actual.LowerThreshold20666.Timestamp" Type="Edm.DateTimeOffset"></Property>
				<Property Name="Tank_8Pumpcli.Fuel_Dip_Prelim" Type="Edm.Int32" AttributeType="com.sap.iot.core.Command"></Property>
				<Property Name="Tank_8Pumpcli.Fuel_Dip_Prelim.Command47534" Type="Edm.Int32" AttributeType="com.sap.iot.core.Command"></Property>
				<Property Name="Tank_8Pumpcli.Fuel_Dip_Prelim.LowerThreshold60699" Type="Edm.Int32" AttributeType="com.sap.iot.core.LowerThreshold"></Property>
				<Property Name="Tank_8Pumpcli.Fuel_Dip_Prelim.LowLowerThreshold52845" Type="Edm.Int32" AttributeType="com.sap.iot.core.LowLowerThreshold"></Property>
				<Property Name="Tank_8Pumpcli.Fuel_Dip_Prelim.Timestamp" Type="Edm.DateTimeOffset"></Property>
				<Property Name="Tank_8Pumpcli.Fuel_Dip_Prelim.Command47534.Timestamp" Type="Edm.DateTimeOffset"></Property>
				<Property Name="Tank_8Pumpcli.Fuel_Dip_Prelim.LowerThreshold60699.Timestamp" Type="Edm.DateTimeOffset"></Property>
				<Property Name="Tank_8Pumpcli.Fuel_Dip_Prelim.LowLowerThreshold52845.Timestamp" Type="Edm.DateTimeOffset"></Property>
				<Property Name="Tank_8Pumpcli.Fuel_Dip_Pump" Type="Edm.Int32"></Property>
				<Property Name="Tank_8Pumpcli.Fuel_Dip_Pump.Timestamp" Type="Edm.DateTimeOffset"></Property>
				<Property Name="Tank_8Pumpcli.Fuel_Dip_RFNO" Type="Edm.Int32"></Property>
				<Property Name="Tank_8Pumpcli.Fuel_Dip_RFNO.Timestamp" Type="Edm.DateTimeOffset"></Property>
				<Property Name="Tank_8Pumpcli.Fuel_Dip_Recon" Type="Edm.Int32"></Property>
				<Property Name="Tank_8Pumpcli.Fuel_Dip_Recon.Timestamp" Type="Edm.DateTimeOffset"></Property>
				<Property Name="Tank_8Pumpcli.Fuel_recon_dev" Type="Edm.Int32"></Property>
				<Property Name="Tank_8Pumpcli.Fuel_recon_dev.Timestamp" Type="Edm.DateTimeOffset"></Property>
				<Property Name="Tank_8Pumpcli.ProductDesc" Type="Edm.String"></Property>
				<Property Name="Tank_8Pumpcli.ProductDesc.Timestamp" Type="Edm.DateTimeOffset"></Property>
				<Property Name="Tank_8Pumpcli.ProductID" Type="Edm.String"></Property>
				<Property Name="Tank_8Pumpcli.ProductID.Timestamp" Type="Edm.DateTimeOffset"></Property>
				<Property Name="Tank_8Pumpcli.PumpRead1" Type="Edm.Int32"></Property>
				<Property Name="Tank_8Pumpcli.PumpRead1.Timestamp" Type="Edm.DateTimeOffset"></Property>
				<Property Name="Tank_8Pumpcli.PumpRead2" Type="Edm.Int32"></Property>
				<Property Name="Tank_8Pumpcli.PumpRead2.Timestamp" Type="Edm.DateTimeOffset"></Property>
				<Property Name="Tank_8Pumpcli.PumpRead3" Type="Edm.Int32"></Property>
				<Property Name="Tank_8Pumpcli.PumpRead3.Timestamp" Type="Edm.DateTimeOffset"></Property>
				<Property Name="Tank_8Pumpcli.PumpRead4" Type="Edm.Int32"></Property>
				<Property Name="Tank_8Pumpcli.PumpRead4.Timestamp" Type="Edm.DateTimeOffset"></Property>
				<Property Name="Tank_8Pumpcli.PumpRead5" Type="Edm.Int32"></Property>
				<Property Name="Tank_8Pumpcli.PumpRead5.Timestamp" Type="Edm.DateTimeOffset"></Property>
				<Property Name="Tank_8Pumpcli.PumpRead6" Type="Edm.Int32"></Property>
				<Property Name="Tank_8Pumpcli.PumpRead6.Timestamp" Type="Edm.DateTimeOffset"></Property>
				<Property Name="Tank_8Pumpcli.PumpRead7" Type="Edm.Int32"></Property>
				<Property Name="Tank_8Pumpcli.PumpRead7.Timestamp" Type="Edm.DateTimeOffset"></Property>
				<Property Name="Tank_8Pumpcli.PumpRead8" Type="Edm.Int32"></Property>
				<Property Name="Tank_8Pumpcli.PumpRead8.Timestamp" Type="Edm.DateTimeOffset"></Property>
				<Property Name="Tank_8Pumpcli.PumpSales1" Type="Edm.Int32"></Property>
				<Property Name="Tank_8Pumpcli.PumpSales1.Timestamp" Type="Edm.DateTimeOffset"></Property>
				<Property Name="Tank_8Pumpcli.PumpSales2" Type="Edm.Int32"></Property>
				<Property Name="Tank_8Pumpcli.PumpSales2.Timestamp" Type="Edm.DateTimeOffset"></Property>
				<Property Name="Tank_8Pumpcli.PumpSales3" Type="Edm.Int32"></Property>
				<Property Name="Tank_8Pumpcli.PumpSales3.Timestamp" Type="Edm.DateTimeOffset"></Property>
				<Property Name="Tank_8Pumpcli.PumpSales4" Type="Edm.Int32"></Property>
				<Property Name="Tank_8Pumpcli.PumpSales4.Timestamp" Type="Edm.DateTimeOffset"></Property>
				<Property Name="Tank_8Pumpcli.PumpSales5" Type="Edm.Int32"></Property>
				<Property Name="Tank_8Pumpcli.PumpSales5.Timestamp" Type="Edm.DateTimeOffset"></Property>
				<Property Name="Tank_8Pumpcli.PumpSales6" Type="Edm.Int32"></Property>
				<Property Name="Tank_8Pumpcli.PumpSales6.Timestamp" Type="Edm.DateTimeOffset"></Property>
				<Property Name="Tank_8Pumpcli.PumpSales7" Type="Edm.Int32"></Property>
				<Property Name="Tank_8Pumpcli.PumpSales7.Timestamp" Type="Edm.DateTimeOffset"></Property>
				<Property Name="Tank_8Pumpcli.PumpSales8" Type="Edm.Int32"></Property>
				<Property Name="Tank_8Pumpcli.PumpSales8.Timestamp" Type="Edm.DateTimeOffset"></Property>
				<Property Name="Tank_8Pumpcli.Region" Type="Edm.String"></Property>
				<Property Name="Tank_8Pumpcli.Region.Timestamp" Type="Edm.DateTimeOffset"></Property>
				<Property Name="Tank_8Pumpcli.SiteID" Type="Edm.String"></Property>
				<Property Name="Tank_8Pumpcli.SiteID.Timestamp" Type="Edm.DateTimeOffset"></Property>
				<Property Name="Tank_8Pumpcli.TMANAGER" Type="Edm.String"></Property>
				<Property Name="Tank_8Pumpcli.TMANAGER.Timestamp" Type="Edm.DateTimeOffset"></Property>
			</EntityType>
			<EntityType Name="Thing">
				<Key>
					<PropertyRef Name="ThingId"></PropertyRef>
				</Key>
				<Property Name="ThingId" Type="Edm.String" Nullable="false">
					<Documentation>
						<LongDescription>Thing unique ID</LongDescription>
					</Documentation>
				</Property>
				<Property Name="ThingISOCode" Type="Edm.String">
					<Documentation>
						<LongDescription>Thing Language code</LongDescription>
					</Documentation>
				</Property>
				<Property Name="ThingDescription" Type="Edm.String">
					<Documentation>
						<LongDescription>Thing description</LongDescription>
					</Documentation>
				</Property>
				<Property Name="ThingName" Type="Edm.String" Nullable="false">
					<Documentation>
						<LongDescription>Thing name</LongDescription>
					</Documentation>
				</Property>
				<Property Name="ThingExternalId" Type="Edm.String">
					<Documentation>
						<LongDescription>Thing external id</LongDescription>
					</Documentation>
				</Property>
				<Property Name="ThingType" Type="Edm.String">
					<Documentation>
						<LongDescription>Thing Type ID associated with the Thing</LongDescription>
					</Documentation>
				</Property>
				<Property Name="ObjectGroup" Type="Edm.String">
					<Documentation>
						<LongDescription>Object group used to create the Thing</LongDescription>
					</Documentation>
				</Property>
				<Property Name="BPName" Type="Edm.String">
					<Documentation>
						<LongDescription>Business partner name associated for the Thing</LongDescription>
					</Documentation>
				</Property>
				<Property Name="BPLandlinePhoneNumber" Type="Edm.String">
					<Documentation>
						<LongDescription>Landline phone number of Business partner</LongDescription>
					</Documentation>
				</Property>
				<Property Name="BPMobilePhoneNumber" Type="Edm.String">
					<Documentation>
						<LongDescription>Mobile phone number of Business partner</LongDescription>
					</Documentation>
				</Property>
				<Property Name="ThingCustomerId" Type="Edm.String">
					<Documentation>
						<LongDescription>Business partner ID associated for the Thing</LongDescription>
					</Documentation>
				</Property>
				<Property Name="ThingRegionDescription" Type="Edm.String">
					<Documentation>
						<LongDescription>Region where Thing is located</LongDescription>
					</Documentation>
				</Property>
				<Property Name="ThingCountryDescription" Type="Edm.String">
					<Documentation>
						<LongDescription>Country where the Thing is located</LongDescription>
					</Documentation>
				</Property>
				<Property Name="ThingCountryId" Type="Edm.String">
					<Documentation>
						<LongDescription>Country code where the Thing is located</LongDescription>
					</Documentation>
				</Property>
				<Property Name="ThingCommunicationData" Type="Edm.String">
					<Documentation>
						<LongDescription>Thing address details</LongDescription>
					</Documentation>
				</Property>
				<Property Name="ThingLocationId" Type="Edm.String">
					<Documentation>
						<LongDescription>Thing location ID</LongDescription>
					</Documentation>
				</Property>
				<Property Name="AlternateId" Type="Edm.String">
					<Documentation>
						<LongDescription>Thing AlternateId</LongDescription>
					</Documentation>
				</Property>
				<NavigationProperty Name="DYN_ENT_dapt_ox181026100231_adi_tanks_rest__Tank_8Pumpcli"
					Relationship="com.sap.appiot.DYN_ENT_dapt_ox181026100231_adi_tanks_rest__Tank_8Pumpcli" FromRole="ThingEntities"
					ToRole="DYN_ENT_dapt_ox181026100231_adi_tanks_rest__Tank_8PumpcliEntities"></NavigationProperty>
				<NavigationProperty Name="DYN_ENT_dapt_ox181026100231_adi_tanks_rest__Image"
					Relationship="com.sap.appiot.DYN_ENT_dapt_ox181026100231_adi_tanks_rest__Image" FromRole="ThingEntities"
					ToRole="DYN_ENT_dapt_ox181026100231_adi_tanks_rest__ImageEntities"></NavigationProperty>
			</EntityType>
			<EntityType Name="DYN_ENT_dapt_ox181026100231_adi_tanks_rest__Image">
				<Key>
					<PropertyRef Name="ThingId"></PropertyRef>
				</Key>
				<Property Name="ThingId" Type="Edm.String" Nullable="false"></Property>
				<Property Name="Image.ImageName" Type="Edm.String"></Property>
				<Property Name="Image.ImageName.Timestamp" Type="Edm.DateTimeOffset"></Property>
			</EntityType>
			<Association Name="DYN_ENT_dapt_ox181026100231_adi_tanks_rest__Tank_8Pumpcli">
				<End Type="com.sap.appiot.Thing" Multiplicity="1" Role="ThingEntities"></End>
				<End Type="com.sap.appiot.DYN_ENT_dapt_ox181026100231_adi_tanks_rest__Tank_8Pumpcli" Multiplicity="1"
					Role="DYN_ENT_dapt_ox181026100231_adi_tanks_rest__Tank_8PumpcliEntities"></End>
			</Association>
			<Association Name="DYN_ENT_dapt_ox181026100231_adi_tanks_rest__Image">
				<End Type="com.sap.appiot.Thing" Multiplicity="1" Role="ThingEntities"></End>
				<End Type="com.sap.appiot.DYN_ENT_dapt_ox181026100231_adi_tanks_rest__Image" Multiplicity="1"
					Role="DYN_ENT_dapt_ox181026100231_adi_tanks_rest__ImageEntities"></End>
			</Association>
			<EntityContainer Name="CompositeThingsThingType" m:IsDefaultEntityContainer="true">
				<EntitySet Name="DYN_ENT_dapt_ox181026100231_adi_tanks_rest__Tank_8Pumpclis"
					EntityType="com.sap.appiot.DYN_ENT_dapt_ox181026100231_adi_tanks_rest__Tank_8Pumpcli"></EntitySet>
				<EntitySet Name="Things" EntityType="com.sap.appiot.Thing"></EntitySet>
				<EntitySet Name="DYN_ENT_dapt_ox181026100231_adi_tanks_rest__Images"
					EntityType="com.sap.appiot.DYN_ENT_dapt_ox181026100231_adi_tanks_rest__Image"></EntitySet>
				<AssociationSet Name="DYN_ENT_dapt_ox181026100231_adi_tanks_rest__Tank_8Pumpcli"
					Association="com.sap.appiot.DYN_ENT_dapt_ox181026100231_adi_tanks_rest__Tank_8Pumpcli">
					<End EntitySet="Things" Role="ThingEntities"></End>
					<End EntitySet="DYN_ENT_dapt_ox181026100231_adi_tanks_rest__Tank_8Pumpclis"
						Role="DYN_ENT_dapt_ox181026100231_adi_tanks_rest__Tank_8PumpcliEntities"></End>
				</AssociationSet>
				<AssociationSet Name="DYN_ENT_dapt_ox181026100231_adi_tanks_rest__Image"
					Association="com.sap.appiot.DYN_ENT_dapt_ox181026100231_adi_tanks_rest__Image">
					<End EntitySet="Things" Role="ThingEntities"></End>
					<End EntitySet="DYN_ENT_dapt_ox181026100231_adi_tanks_rest__Images" Role="DYN_ENT_dapt_ox181026100231_adi_tanks_rest__ImageEntities"></End>
				</AssociationSet>
			</EntityContainer>
		</Schema>
	</edmx:DataServices>
</edmx:Edmx>